8,0000-HC49U-S;6
BLM21PG331;12
RAD FC 330/25;36
X7R-G0805 10N;6
X5R-G0805 10/16;48
X7R-G0805 100N;54
NPO-G0805 33P;12
X7R-G0805 1,0/50;6
DP10;6
WAGO 236-756;12
WAGO 236-754;12
WAGO 236-400;12
WAGO 236-746;12
WAGO 236-601;24
WAGO 236-100;6
MM FL 6G;6
MM FL 4G;6
MM SL 4G;6
MM SL 6SK;2
BAS 85 SMD;6
ATMEGA 16-16 TQ;6
LT 1785 CS8;6
1591AFLBK;6
SSK M3X6-200;1
SC 39-11 RT;18
NKS 150 SW;4
W 74311-2;1
KAB-SOCKEL 3,6H;1
KAB 140-3,6;1
SPIRAL 20-10;1
ISOBAND BL;1
ISOBAND RT;1
SNT MW100-12;4
DA 5MM;36
